data;opr;sku;cant;pretMdf;pret;oprViz;nume;costNetRon;valPret;valCost;idx;Taraba;Depozit;Stricate;Altele;Client;Furnizor
140825;tpfm;0;1;39;39;Tp_Fm;10070avr.cdg;23.86247312;39;23.86247312;0;0;0;0;0;1;-1
140825;tpfm;107;7;45;45;Tp_Fm;1071ayn.cms;24.49565403;315;171.4695782;1;0;7;0;0;0;-7
140825;tpfm;88;3;45;45;Tp_Fm;14387pntLung.sis;27.76174123;135;83.2852237;2;0;3;0;0;0;-3
140825;tpfm;65;8;15;15;Tp_Fm;15curea;7;120;56;3;1;0;0;0;7;-8
140825;tpfm;3;5;17;17;Tp_Fm;19maio;5.382306273;85;26.91153137;4;3;4;0;0;0;-7
140825;tpfm;62;8;20;20;Tp_Fm;20curea;10;160;80;5;4;0;0;0;6;-10
140825;tpfm;83;2;59;59;Tp_Fm;2295cms.ptk;29.39478484;118;58.78956967;6;1;1;0;0;0;-2
140825;tpfm;84;8;45;45;Tp_Fm;2305cms.ptk;27.76174123;360;222.0939299;7;2;15;0;0;2;-19
140825;tpfm;85;2;55;55;Tp_Fm;2314cms.ptk;31.02782844;110;62.05565687;8;0;1;0;0;1;-2
140825;tpfm;4;5;20;20;Tp_Fm;24cocos;6.817587946;100;34.08793973;9;2;3;0;0;0;-5
140825;tpfm;5;17;15;15;Tp_Fm;25reduse;0;255;0;10;7;7;0;0;3;-17
140825;tpfm;6;2;65;65;Tp_Fm;276rch.bsm;37.4967337;130;74.99346741;11;0;2;0;0;0;-2
140825;tpfm;7;6;39;39;Tp_Fm;278rch.bsm;25.5659548;234;153.3957288;12;-1;7;0;0;0;-6
140825;tpfm;103;2;50;50;Tp_Fm;3425ie.nsn;27.76174123;100;55.52348247;13;1;1;0;0;0;-2
140825;tpfm;101;4;50;50;Tp_Fm;3437ie.nsn;27.76174123;200;111.0469649;14;4;2;0;0;0;-6
140825;tpfm;10;3;15;15;Tp_Fm;35pant;0;45;0;15;-1;3;0;0;1;-3
140825;tpfm;11;1;35;35;Tp_Fm;35rch.vch;0;35;0;16;0;0;0;0;1;-1
140825;tpfm;81;4;50;50;Tp_Fm;362mesta.ie;31.1490659;200;124.5962636;17;4;1;0;0;0;-5
140825;tpfm;80;8;20;20;Tp_Fm;4434fmor.rch;7.875666817;160;63.00533454;18;7;0;0;0;1;-8
140825;tpfm;79;1;65;65;Tp_Fm;4465fmor.rch;37.80320072;65;37.80320072;19;0;1;0;0;0;-1
140825;tpfm;14;3;45;45;Tp_Fm;45rch.vch;0;135;0;20;0;3;0;0;0;-3
140825;tpfm;15;2;59;59;Tp_Fm;4865cdg.mxr;34.08793973;118;68.17587946;21;0;4;0;0;0;-4
140825;tpfm;17;1;65;65;Tp_Fm;65geaca;50;65;50;22;1;0;0;0;0;-1
140825;tpfm;18;1;65;65;Tp_Fm;65rch.vch;0;65;0;23;0;1;0;0;0;-1
140825;tpfm;67;1;55;55;Tp_Fm;65yihao.vst.blug;30;55;30;24;0;0;0;0;1;-1
140825;tpfm;19;3;50;50;Tp_Fm;75sacou;42;150;126;25;3;0;0;0;0;-3
140825;tpfm;20;2;35;35;Tp_Fm;8449ses.cdg;22.53524657;70;45.07049314;26;2;2;0;0;0;-4
140825;tpfm;109;2;55;55;Tp_Fm;8816qiao.ps.blg;28;110;56;27;1;1;0;0;0;-2
140825;tpfm;64;1;35;35;Tp_Fm;braur.rch;20;35;20;28;0;0;0;0;1;-1
140825;tpfm;97;2;29;29;Tp_Fm;bsk.patrf;14.69739242;58;29.39478484;29;0;5;0;0;0;-5
140825;tpfm;25;1;59;59;Tp_Fm;camasa.ptk;28.12255028;59;28.12255028;30;0;0;0;0;1;-1
140825;tpfm;27;2;29;29;Tp_Fm;cms.sis;0;58;0;31;0;2;0;0;0;-2
140825;tpfm;28;3;25;25;Tp_Fm;cult.trico;13.63517589;75;40.90552768;32;0;10;0;0;1;-11
140825;tpfm;29;3;30;30;Tp_Fm;epolet.blz;15.33957288;90;46.01871864;33;0;2;0;0;1;-3
140825;tpfm;31;8;45;45;Tp_Fm;fusta.ptk;32.38354274;360;259.068342;34;0;7;0;0;1;-8
140825;tpfm;32;1;25;25;Tp_Fm;fuste.crystalize;16.09660469;25;16.09660469;35;1;0;0;0;0;-1
140825;tpfm;87;11;25;25;Tp_Fm;lifeSteps.trc;9.798261612;275;107.7808777;36;1;10;0;0;0;-11
140825;tpfm;35;1;65;65;Tp_Fm;lippsy.jacketa;37.4967337;65;37.4967337;37;1;0;0;0;0;-1
140825;tpfm;37;1;30;30;Tp_Fm;lipssy.trico;17.04396987;30;17.04396987;38;0;0;0;0;1;-1
140825;tpfm;96;3;29;29;Tp_Fm;lovePink.maio;13.06434882;87;39.19304645;39;0;3;0;0;0;-3
140825;tpfm;71;1;45;45;Tp_Fm;marinflori.rch;25;45;25;40;0;1;0;0;0;-1
140825;tpfm;40;1;55;55;Tp_Fm;maya.rch;42.60992466;55;42.60992466;41;0;1;0;0;0;-1
140825;tpfm;41;3;25;25;Tp_Fm;mhave.trc;10.22638192;75;30.67914576;42;0;3;0;0;0;-3
140825;tpfm;42;3;35;35;Tp_Fm;missLondon.cms;20.52646452;105;61.57939355;43;1;2;0;0;0;-3
140825;tpfm;72;2;45;45;Tp_Fm;nzhn.ps.blug;20;90;40;44;1;1;0;0;0;-2
140825;tpfm;98;4;29;29;Tp_Fm;ochelar.bsk;14.69739242;116;58.78956967;45;1;3;0;0;0;-4
140825;tpfm;46;1;85;85;Tp_Fm;salopet.nsn;54.54070357;85;54.54070357;46;0;1;0;0;0;-1
140825;tpfm;47;3;39;39;Tp_Fm;siensi.cdg;13.63517589;117;40.90552768;47;1;2;0;0;2;-5
140825;tpfm;49;5;20;20;Tp_Fm;stele.maio;6.817587946;100;34.08793973;48;3;5;0;0;0;-8
140825;tpfm;50;2;29;29;Tp_Fm;stradiv.maio;13.58219846;58;27.16439693;49;0;5;0;0;0;-5
140825;tpfm;82;3;20;20;Tp_Fm;ucolect.maio;6.532174408;60;19.59652322;50;0;7;0;0;0;-7
140825;tpfm;61;3;45;45;Tp_Fm;yhaoo.vst.blg;30;135;90;51;1;0;0;0;2;-3
140825;tpfm;63;1;25;25;Tp_Fm;yilsan.ps;15;25;15;52;1;0;0;0;0;-1
140825;tpfm;110;9;20;20;Tp_Fm;20maieu;11;180;99;53;6;0;0;0;3;-9
140825;tpfm;130;2;75;75;Tp_Fm;315gcBlug;45;150;90;54;1;0;0;0;2;-3
140825;tpfm;131;4;69;69;Tp_Fm;R5geacaFas;45;276;180;55;0;0;0;0;4;-4
140825;tpfm;132;3;15;15;Tp_Fm;curea.funda;5;45;15;56;3;0;0;0;0;-3
140825;tpfm;111;1;15;15;Tp_Fm;kiki.ptf;13;15;13;57;0;1;0;0;0;-1
140825;tpfm;112;1;15;15;Tp_Fm;moda.sco;0;15;0;58;1;0;0;0;0;-1
140825;tpfm;113;1;15;15;Tp_Fm;1064gozon;25;15;25;59;0;0;0;0;1;-1
140825;tpfm;114;1;15;15;Tp_Fm;xtrap2.haktanir;21;15;21;60;0;1;0;0;0;-1
140825;tpfm;117;1;15;15;Tp_Fm;safir.club;0;15;0;61;0;1;0;0;0;-1
140825;tpfm;118;2;15;15;Tp_Fm;sfuste.it.vch;0;30;0;62;0;2;0;0;0;-2
140825;tpfm;119;1;15;15;Tp_Fm;lolita.blz;0;15;0;63;0;1;0;0;0;-1
140825;tpfm;120;1;15;15;Tp_Fm;saco.vch;0;15;0;64;0;0;0;0;1;-1
140825;tpfm;121;1;25;25;Tp_Fm;outfiters;0;25;0;65;0;1;0;0;0;-1
140825;tpfm;122;1;25;25;Tp_Fm;plasa.negru;0;25;0;66;1;0;0;0;0;-1
140825;tpfm;123;1;25;25;Tp_Fm;rujmoda.trc;0;25;0;67;1;0;0;0;0;-1
140825;tpfm;124;1;25;25;Tp_Fm;gdm.trc;10;25;10;68;0;1;0;0;0;-1
140825;tpfm;126;1;35;35;Tp_Fm;11495szn;20;35;20;69;1;0;0;0;0;-1
140825;tpfm;127;1;35;35;Tp_Fm;13249mNgrBuline;36;35;36;70;0;0;0;0;1;-1
140825;tpfm;128;1;40;40;Tp_Fm;1218xxBlgBolero;45;40;45;71;0;0;0;0;1;-1
140825;tpfm;129;1;35;35;Tp_Fm;deslumbrante.fst;25;35;25;72;1;0;0;0;0;-1
140825;tpfm;134;4;35;35;Tp_Fm;dae.trendy18.cdg;12;140;48;73;5;0;0;0;23;-28
140825;dpfm;101;2;50;50;Dp_Fm;3437ie.nsn;27.76174123;100;55.52348247;74;4;2;0;0;0;-6
140825;dpfm;15;2;59;59;Dp_Fm;4865cdg.mxr;34.08793973;118;68.17587946;75;0;4;0;0;0;-4
140825;dpfm;20;2;35;35;Dp_Fm;8449ses.cdg;22.53524657;70;45.07049314;76;2;2;0;0;0;-4
140825;dpfm;28;8;25;25;Dp_Fm;cult.trico;13.63517589;200;109.0814071;77;0;10;0;0;1;-11
140825;dpfm;3;2;17;17;Dp_Fm;19maio;5.382306273;34;10.76461255;78;3;4;0;0;0;-7
140825;dpfm;47;2;39;39;Dp_Fm;siensi.cdg;13.63517589;78;27.27035178;79;1;2;0;0;2;-5
140825;dpfm;49;3;20;20;Dp_Fm;stele.maio;6.817587946;60;20.45276384;80;3;5;0;0;0;-8
140825;dpfm;50;3;29;29;Dp_Fm;stradiv.maio;13.58219846;87;40.74659539;81;0;5;0;0;0;-5
140825;dpfm;81;1;50;50;Dp_Fm;362mesta.ie;31.1490659;50;31.1490659;82;4;1;0;0;0;-5
140825;dpfm;82;4;20;20;Dp_Fm;ucolect.maio;6.532174408;80;26.12869763;83;0;7;0;0;0;-7
140825;dpfm;84;11;45;45;Dp_Fm;2305cms.ptk;27.76174123;495;305.3791536;84;2;15;0;0;2;-19
140825;dpfm;90;1;25;25;Dp_Fm;576bolero.bsm;8.16521801;25;8.16521801;85;0;0;0;0;1;-1
140825;dpfm;97;3;29;29;Dp_Fm;bsk.patrf;14.69739242;87;44.09217725;86;0;5;0;0;0;-5
140826;tpfm;135;7;55;55;Tp_Fm;seyhan.cdg;30;385;210;87;1;0;0;0;6;-7
140826;tpfm;136;4;59;59;Tp_Fm;5118nsn;35;236;140;88;0;0;0;0;4;-4
140826;tpfm;137;6;120;110;Tp_Fm;yira.gc;65;660;390;89;12;16;0;1;15;-44
140826;tpfm;138;7;110;100;Tp_Fm;itenly.gc;65;700;455;90;3;0;0;0;7;-10
140826;dpfm;137;17;120;110;Dp_Fm;yira.gc;65;1870;1105;91;12;16;0;1;15;-44
140826;spfm;138;3;110;100;Sp_Fm;itenly.gc;65;300;195;92;3;0;0;0;7;-10
140826;tv;5;2;15;15;tv;25reduse;0;30;0;93;7;7;0;0;3;-17
140826;tv;131;1;69;69;tv;R5geacaFas;45;69;45;94;0;0;0;0;4;-4
140826;tv;136;1;59;59;tv;5118nsn;35;59;35;95;0;0;0;0;4;-4
140826;tv;65;1;15;15;tv;15curea;7;15;7;96;1;0;0;0;7;-8
140826;tv;134;1;35;35;tv;dae.trendy18.cdg;12;35;12;97;5;0;0;0;23;-28
140827;tv;67;1;55;55;tv;65yihao.vst.blug;30;55;30;98;0;0;0;0;1;-1
140827;tv;110;1;20;20;tv;20maieu;11;20;11;99;6;0;0;0;3;-9
140827;tv;5;1;15;15;tv;25reduse;0;15;0;100;7;7;0;0;3;-17
140827;tv;134;1;35;35;tv;dae.trendy18.cdg;12;35;12;101;5;0;0;0;23;-28
140827;tv;65;1;15;15;tv;15curea;7;15;7;102;1;0;0;0;7;-8
;tv;;1;;;tv;;;;;103;#N/A;#N/A;#N/A;#N/A;#N/A;#N/A
140828;tv;25;1;59;59;tv;camasa.ptk;28.12255028;59;28.12255028;104;0;0;0;0;1;-1
140828;tv;62;1;20;20;tv;20curea;10;20;10;105;4;0;0;0;6;-10
140828;tv;130;1;75;75;tv;315gcBlug;45;75;45;106;1;0;0;0;2;-3
140828;tv;84;1;45;45;tv;2305cms.ptk;27.76174123;45;27.76174123;107;2;15;0;0;2;-19
140828;tv;61;1;45;45;tv;yhaoo.vst.blg;30;45;30;108;1;0;0;0;2;-3
140828;tv;134;1;35;35;tv;dae.trendy18.cdg;12;35;12;109;5;0;0;0;23;-28
140830;tv;131;1;69;69;tv;R5geacaFas;45;69;45;110;0;0;0;0;4;-4
140830;tv;135;1;55;55;tv;seyhan.cdg;30;55;30;111;1;0;0;0;6;-7
140830;tv;47;1;39;39;tv;siensi.cdg;13.63517589;39;13.63517589;112;1;2;0;0;2;-5
140830;tv;135;1;55;55;tv;seyhan.cdg;30;55;30;113;1;0;0;0;6;-7
140830;tv;139;1;19;19;tv;smora.blz;7.9;19;7.9;114;3;0;0;0;11;-14
140830;tv;135;2;55;55;tv;seyhan.cdg;30;110;60;115;1;0;0;0;6;-7
140830;tv;134;1;35;35;tv;dae.trendy18.cdg;12;35;12;116;5;0;0;0;23;-28
140830;tv;139;1;19;19;tv;smora.blz;7.9;19;7.9;117;3;0;0;0;11;-14
140831;tv;135;1;55;55;tv;seyhan.cdg;30;55;30;118;1;0;0;0;6;-7
140831;tv;145;1;15;15;tv;15rdsBML;0;15;0;119;1;0;0;0;2;-3
140831;tv;149;1;10;10;tv;cache.bml;0;10;0;120;1;0;0;0;9;-10
140831;tv;149;1;10;10;tv;cache.bml;0;10;0;121;1;0;0;0;9;-10
140831;tv;85;1;55;55;tv;2314cms.ptk;31.02782844;55;31.02782844;122;0;1;0;0;1;-2
140901;tv;0;1;39;39;tv;10070avr.cdg;23.86247312;39;23.86247312;123;0;0;0;0;1;-1
140901;tv;47;1;39;39;tv;siensi.cdg;13.63517589;39;13.63517589;124;1;2;0;0;2;-5
140901;tv;84;1;45;45;tv;2305cms.ptk;27.76174123;45;27.76174123;125;2;15;0;0;2;-19
140901;tv;110;1;20;20;tv;20maieu;11;20;11;126;6;0;0;0;3;-9
140829;tv;137;1;120;110;tv;yira.gc;65;110;65;127;12;16;0;1;15;-44
140829;tv;80;1;20;20;tv;4434fmor.rch;7.875666817;20;7.875666817;128;7;0;0;0;1;-8
140829;tv;120;1;15;15;tv;saco.vch;0;15;0;129;0;0;0;0;1;-1
140829;tv;29;1;30;30;tv;epolet.blz;15.33957288;30;15.33957288;130;0;2;0;0;1;-3
140829;tv;31;1;45;45;tv;fusta.ptk;32.38354274;45;32.38354274;131;0;7;0;0;1;-8
140829;tpfm;147;2;49;49;Tp_Fm;7069sis;0;98;0;132;2;0;0;0;0;-2
140829;tpfm;144;2;65;65;Tp_Fm;7065fa.gc;0;130;0;133;2;0;0;0;0;-2
140829;tpfm;158;2;59;59;Tp_Fm;ashilda.plv.cdg;0;118;0;134;1;0;0;0;1;-2
140829;tpfm;143;2;39;39;Tp_Fm;7058fa.sco;0;78;0;135;0;0;0;0;2;-2
140829;tpfm;142;2;49;49;Tp_Fm;7360plv.pll;0;98;0;136;0;0;0;0;2;-2
140829;tpfm;149;10;10;10;Tp_Fm;cache.bml;0;100;0;137;1;0;0;0;9;-10
140829;tpfm;145;3;15;15;Tp_Fm;15rdsBML;0;45;0;138;1;0;0;0;2;-3
140829;tpfm;151;3;19;19;Tp_Fm;adyaro.clt;0;57;0;139;3;0;0;0;0;-3
140829;tpfm;150;5;25;25;Tp_Fm;esq.clt;0;125;0;140;5;0;0;0;0;-5
140829;tpfm;157;4;25;25;Tp_Fm;pantera.clt;0;100;0;141;4;0;0;0;0;-4
140829;tpfm;159;2;45;45;Tp_Fm;yare.sco;0;90;0;142;2;0;0;0;0;-2
140829;tpfm;154;1;59;59;Tp_Fm;crocodil.cellar.women;0;59;0;143;1;0;0;0;0;-1
140829;tpfm;156;2;50;50;Tp_Fm;3142zrs.sco;0;100;0;144;2;0;0;0;0;-2
140829;tpfm;160;1;59;59;Tp_Fm;1352szn.sco;0;59;0;145;0;0;0;0;1;-1
140829;tpfm;146;2;39;39;Tp_Fm;piele.cms;0;78;0;146;2;0;0;0;0;-2
140829;tpfm;152;2;25;25;Tp_Fm;piele.zra;0;50;0;147;0;0;0;0;2;-2
140829;tpfm;153;4;25;25;Tp_Fm;zra.blz;0;100;0;148;2;0;0;0;4;-6
140829;tpfm;141;2;39;39;Tp_Fm;1312busem;22.9;78;45.8;149;0;0;0;0;2;-2
140829;tpfm;139;5;19;19;Tp_Fm;smora.blz;7.9;95;39.5;150;3;0;0;0;11;-14
140829;tpfm;148;1;35;35;Tp_Fm;1056gozon;0;35;0;151;2;0;0;0;0;-2
140829;tpfm;155;1;50;50;Tp_Fm;7003smd.sco;0;50;0;152;0;0;0;0;1;-1
140829;dptm;7;1;39;39;Dp_Tm;278rch.bsm;25.5659548;39;25.5659548;153;-1;7;0;0;0;-6
140902;tv;137;2;120;110;tv;yira.gc;65;220;130;154;12;16;0;1;15;-44
140902;tv;138;1;110;100;tv;itenly.gc;65;100;65;155;3;0;0;0;7;-10
140902;tv;149;3;10;10;tv;cache.bml;0;30;0;156;1;0;0;0;9;-10
140902;tv;64;1;35;35;tv;braur.rch;20;35;20;157;0;0;0;0;1;-1
140902;tv;131;1;69;69;tv;R5geacaFas;45;69;45;158;0;0;0;0;4;-4
140902;tv;138;1;110;100;tv;itenly.gc;65;100;65;159;3;0;0;0;7;-10
140902;tv;142;1;49;49;tv;7360plv.pll;0;49;0;160;0;0;0;0;2;-2
140902;tv;139;1;19;19;tv;smora.blz;7.9;19;7.9;161;3;0;0;0;11;-14
140902;tv;153;1;25;25;tv;zra.blz;0;25;0;162;2;0;0;0;4;-6
140902;tv;143;1;39;39;tv;7058fa.sco;0;39;0;163;0;0;0;0;2;-2
140902;tv;137;1;120;110;tv;yira.gc;65;110;65;164;12;16;0;1;15;-44
140903;tpsm;138;3;110;100;Tp_Sm;itenly.gc;65;300;195;165;3;0;0;0;7;-10
140903;tpfm;137;9;120;110;Tp_Fm;yira.gc;65;990;585;166;12;16;0;1;15;-44
140903;tpfm;133;5;20;20;Tp_Fm;curea.lata;10;100;50;167;4;0;0;0;1;-5
140903;tpfm;162;2;55;55;Tp_Fm;plv.roz;30;110;60;168;1;0;0;0;1;-2
140903;tpfm;140;3;39;39;Tp_Fm;pepper.cdg;17.6;117;52.8;169;1;0;0;0;2;-3
140903;tpfm;163;2;29;29;Tp_Fm;piele.blz;0;58;0;170;0;0;0;0;2;-2
140903;tpfm;139;9;19;19;Tp_Fm;smora.blz;7.9;171;71.1;171;3;0;0;0;11;-14
140903;dptm;88;3;45;45;Dp_Tm;14387pntLung.sis;27.76174123;135;83.2852237;172;0;3;0;0;0;-3
140903;dptm;15;2;59;59;Dp_Tm;4865cdg.mxr;34.08793973;118;68.17587946;173;0;4;0;0;0;-4
140903;dptm;71;1;45;45;Dp_Tm;marinflori.rch;25;45;25;174;0;1;0;0;0;-1
140903;dpfm;137;12;120;110;Dp_Fm;yira.gc;65;1320;780;175;12;16;0;1;15;-44
140903;tv;158;1;59;59;tv;ashilda.plv.cdg;0;59;0;176;1;0;0;0;1;-2
140903;tv;136;1;59;59;tv;5118nsn;35;59;35;177;0;0;0;0;4;-4
140903;tv;62;1;20;20;tv;20curea;10;20;10;178;4;0;0;0;6;-10
140903;tv;133;1;20;20;tv;curea.lata;10;20;10;179;4;0;0;0;1;-5
140907;dpfm;164;12;0;45;Dp_Fm;egn.cdg;11.30072548;540;135.6087058;180;4;2;0;0;6;-12
140907;dpfm;165;20;0;45;Dp_Fm;zasa.cdg;13.03929863;900;260.7859727;181;6;3;0;0;11;-20
140907;dpfm;166;5;0;45;Dp_Fm;favori.cdg.bej;13.21315595;225;66.06577975;182;3;2;0;0;0;-5
140907;dpfm;167;5;0;45;Dp_Fm;favori.cdg.negru;12.86544132;225;64.3272066;183;1;0;0;1;3;-5
140907;dpfm;168;20;0;130;Dp_Fm;rLauren.Blugi;52.15719454;2600;1043.143891;184;6;0;0;0;14;-20
140907;dpfm;169;18;0;59;Dp_Fm;1452jument.cdg;22.60145097;1062;406.8261174;185;9;6;0;0;3;-18
140907;dpfm;170;9;0;59;Dp_Fm;3800jument.cdg;29.55574357;531;266.0016922;186;2;0;0;0;7;-9
140907;dpfm;171;10;0;59;Dp_Fm;myPink.cdg;24.34002412;590;243.4002412;187;1;0;0;1;8;-10
140907;dpfm;172;8;0;110;Dp_Fm;HoyLadies.blug;38.24860933;880;305.9888746;188;7;0;0;0;1;-8
140907;dpfm;173;14;0;25;Dp_Fm;esarfe.ist;13.66021762;350;191.2430466;189;10;4;0;0;0;-14
140907;dpfm;174;34;0;20;Dp_Fm;curele.blug;8.130386208;680;276.4331311;190;27;0;0;1;6;-34
140907;dpfm;175;5;0;100;Dp_Fm;282orfeo.gc.blug;52.15719454;500;260.7859727;191;5;0;0;0;0;-5
140907;dpfm;176;5;0;50;Dp_Fm;avocat.cms;26.07859727;250;130.3929863;192;3;0;0;1;1;-5
140907;dpfm;177;6;0;75;Dp_Fm;vesta.bln.beppe;33.32265207;450;199.9359124;193;3;0;0;0;3;-6
140907;dpfm;178;15;0;20;Dp_Fm;beppe.maio;5.795243838;300;86.92865757;194;14;0;0;0;1;-15
140907;dpfm;179;4;0;59;Dp_Fm;mango.plv;30.42503015;236;121.7001206;195;2;1;0;0;1;-4
140907;dpfm;180;25;0;55;Dp_Fm;mAzzer.cml;27.81717042;1375;695.4292605;196;17;0;0;0;8;-25
140907;dpfm;181;6;0;59;Dp_Fm;4359nn;31.29431672;354;187.7659003;197;4;1;0;0;1;-6
140907;dpfm;182;3;0;65;Dp_Fm;4331nn;34.77146303;195;104.3143891;198;2;0;0;0;1;-3
140907;dpfm;183;4;0;65;Dp_Fm;5057nn;34.77146303;260;139.0858521;199;3;1;0;0;0;-4
140907;dpfm;184;5;0;59;Dp_Fm;5143nn;29.55574357;295;147.7787179;200;1;0;0;0;4;-5
140907;dpfm;185;6;0;65;Dp_Fm;4345nn;34.77146303;390;208.6287782;201;5;1;0;0;0;-6
140907;dpfm;186;3;0;59;Dp_Fm;5154nn;29.55574357;177;88.66723072;202;2;0;0;0;1;-3
140907;dpfm;187;7;0;59;Dp_Fm;5056nn;29.6;413;207.2;203;3;3;0;0;1;-7
140907;dpfm;188;16;0;95;Dp_Fm;10320ses;41.72575563;1520;667.6120901;204;8;7;0;0;1;-16
140907;dpfm;189;15;0;95;Dp_Fm;10336ses;46.94147509;1425;704.1221263;205;8;2;0;0;5;-15
140907;dpfm;190;10;0;95;Dp_Fm;9738ses;41.72575563;950;417.2575563;206;5;0;0;0;5;-10
140907;dpfm;191;20;0;95;Dp_Fm;9774ses;43.46432878;1900;869.2865757;207;8;2;0;0;10;-20
140908;tv;138;1;100;100;tv;itenly.gc;65;100;65;208;3;0;0;0;7;-10
140908;tv;164;1;45;45;tv;egn.cdg;11.30072548;45;11.30072548;209;4;2;0;0;6;-12
140908;tv;149;1;10;10;tv;cache.bml;0;10;0;210;1;0;0;0;9;-10
140909;tpfm;192;5;100;95;Tp_Fm;1814swest.gc.fas;57;475;285;211;3;0;0;0;2;-5
140909;tv;138;1;100;100;tv;itenly.gc;65;100;65;212;3;0;0;0;7;-10
140909;tv;186;1;59;59;tv;5154nn;29.55574357;59;29.55574357;213;2;0;0;0;1;-3
140909;tv;180;1;55;55;tv;mAzzer.cml;27.81717042;55;27.81717042;214;17;0;0;0;8;-25
140909;tv;168;1;130;130;tv;rLauren.Blugi;52.15719454;130;52.15719454;215;6;0;0;0;14;-20
140909;tv;171;1;59;59;tv;myPink.cdg;24.34002412;59;24.34002412;216;1;0;0;1;8;-10
140909;tv;165;1;45;45;tv;zasa.cdg;13.03929863;45;13.03929863;217;6;3;0;0;11;-20
140909;tv;62;1;20;20;tv;20curea;10;20;10;218;4;0;0;0;6;-10
140909;tv;191;1;95;95;tv;9774ses;43.46432878;95;43.46432878;219;8;2;0;0;10;-20
140909;tv;189;1;95;95;tv;10336ses;46.94147509;95;46.94147509;220;8;2;0;0;5;-15
140909;tv;192;1;100;95;tv;1814swest.gc.fas;57;95;57;221;3;0;0;0;2;-5
140910;tv;137;1;110;110;tv;yira.gc;65;110;65;222;12;16;0;1;15;-44
140910;tv;61;1;45;45;tv;yhaoo.vst.blg;30;45;30;223;1;0;0;0;2;-3
140910;tv;180;1;55;55;tv;mAzzer.cml;27.81717042;55;27.81717042;224;17;0;0;0;8;-25
140907;tv;142;1;49;49;tv;7360plv.pll;0;49;0;225;0;0;0;0;2;-2
140907;tv;170;1;0;59;tv;3800jument.cdg;29.55574357;59;29.55574357;226;2;0;0;0;7;-9
140907;tv;139;1;19;19;tv;smora.blz;7.9;19;7.9;227;3;0;0;0;11;-14
140907;tv;169;1;0;59;tv;1452jument.cdg;22.60145097;59;22.60145097;228;9;6;0;0;3;-18
140904;tv;39;1;15;15;tv;massimo.maio;15.27997327;15;15.27997327;229;-1;0;0;0;1;0
140904;tv;143;1;39;39;tv;7058fa.sco;0;39;0;230;0;0;0;0;2;-2
140904;tv;113;1;15;15;tv;1064gozon;25;15;25;231;0;0;0;0;1;-1
140904;tv;62;2;20;20;tv;20curea;10;40;20;232;4;0;0;0;6;-10
140904;tv;163;1;29;29;tv;piele.blz;0;29;0;233;0;0;0;0;2;-2
140904;tv;141;1;39;39;tv;1312busem;22.9;39;22.9;234;0;0;0;0;2;-2
140904;tv;138;1;110;100;tv;itenly.gc;65;100;65;235;3;0;0;0;7;-10
140904;tv;145;1;15;15;tv;15rdsBML;0;15;0;236;1;0;0;0;2;-3
140904;tv;11;1;35;35;tv;35rch.vch;0;35;0;237;0;0;0;0;1;-1
140904;tv;149;1;10;10;tv;cache.bml;0;10;0;238;1;0;0;0;9;-10
140904;tv;139;2;19;19;tv;smora.blz;7.9;38;15.8;239;3;0;0;0;11;-14
140904;tv;153;1;25;25;tv;zra.blz;0;25;0;240;2;0;0;0;4;-6
140905;tv;127;1;35;35;tv;13249mNgrBuline;36;35;36;241;0;0;0;0;1;-1
140905;tv;10;1;15;15;tv;35pant;0;15;0;242;-1;3;0;0;1;-3
140906;tv;131;1;69;69;tv;R5geacaFas;45;69;45;243;0;0;0;0;4;-4
140906;tv;139;1;19;19;tv;smora.blz;7.9;19;7.9;244;3;0;0;0;11;-14
140906;tv;137;1;120;110;tv;yira.gc;65;110;65;245;12;16;0;1;15;-44
140906;tv;136;1;59;59;tv;5118nsn;35;59;35;246;0;0;0;0;4;-4
140906;tv;163;1;29;29;tv;piele.blz;0;29;0;247;0;0;0;0;2;-2
140906;tv;136;1;59;59;tv;5118nsn;35;59;35;248;0;0;0;0;4;-4
140906;tv;137;1;120;110;tv;yira.gc;65;110;65;249;12;16;0;1;15;-44
140907;tpdm;182;1;0;65;Tp_Dm;4331nn;34.77146303;65;34.77146303;250;2;0;0;0;1;-3
140907;tpdm;187;1;0;59;Tp_Dm;5056nn;29.6;59;29.6;251;3;3;0;0;1;-7
140907;tpdm;181;1;0;59;Tp_Dm;4359nn;31.29431672;59;31.29431672;252;4;1;0;0;1;-6
140907;tpdm;166;2;0;45;Tp_Dm;favori.cdg.bej;13.21315595;90;26.4263119;253;3;2;0;0;0;-5
140907;tpdm;167;2;0;45;Tp_Dm;favori.cdg.negru;12.86544132;90;25.73088264;254;1;0;0;1;3;-5
140907;tpdm;;;;;Tp_Dm;;;;;255;#N/A;#N/A;#N/A;#N/A;#N/A;#N/A
140907;tpdm;180;10;0;55;Tp_Dm;mAzzer.cml;27.81717042;550;278.1717042;256;17;0;0;0;8;-25
140907;tpdm;175;3;0;100;Tp_Dm;282orfeo.gc.blug;52.15719454;300;156.4715836;257;5;0;0;0;0;-5
140907;tpdm;164;3;0;45;Tp_Dm;egn.cdg;11.30072548;135;33.90217645;258;4;2;0;0;6;-12
140907;tpdm;165;2;0;45;Tp_Dm;zasa.cdg;13.03929863;90;26.07859727;259;6;3;0;0;11;-20
140907;tpdm;193;1;0;59;Tp_Dm;4304nn;28.5;59;28.5;260;2;1;0;0;0;-3
140907;tpdm;183;1;0;65;Tp_Dm;5057nn;34.77146303;65;34.77146303;261;3;1;0;0;0;-4
140907;tpdm;185;2;0;65;Tp_Dm;4345nn;34.77146303;130;69.54292605;262;5;1;0;0;0;-6
140907;tpdm;184;1;0;59;Tp_Dm;5143nn;29.55574357;59;29.55574357;263;1;0;0;0;4;-5
140907;tpdm;170;3;0;59;Tp_Dm;3800jument.cdg;29.55574357;177;88.66723072;264;2;0;0;0;7;-9
140907;tpdm;171;2;0;59;Tp_Dm;myPink.cdg;24.34002412;118;48.68004824;265;1;0;0;1;8;-10
140907;tpdm;169;5;0;59;Tp_Dm;1452jument.cdg;22.60145097;295;113.0072548;266;9;6;0;0;3;-18
140908;tpdm;186;2;59;59;Tp_Dm;5154nn;29.55574357;118;59.11148714;267;2;0;0;0;1;-3
140908;tpdm;181;1;59;59;Tp_Dm;4359nn;31.29431672;59;31.29431672;268;4;1;0;0;1;-6
140908;tpdm;182;1;65;65;Tp_Dm;4331nn;34.77146303;65;34.77146303;269;2;0;0;0;1;-3
140908;tpdm;181;3;59;59;Tp_Dm;4359nn;31.29431672;177;93.88295017;270;4;1;0;0;1;-6
140908;tpdm;183;2;65;65;Tp_Dm;5057nn;34.77146303;130;69.54292605;271;3;1;0;0;0;-4
140908;tpdm;193;1;59;59;Tp_Dm;4304nn;28.5;59;28.5;272;2;1;0;0;0;-3
140908;tpdm;165;6;45;45;Tp_Dm;zasa.cdg;13.03929863;270;78.23579181;273;6;3;0;0;11;-20
140908;tpdm;187;3;59;59;Tp_Dm;5056nn;29.6;177;88.8;274;3;3;0;0;1;-7
140908;tpdm;185;3;65;65;Tp_Dm;4345nn;34.77146303;195;104.3143891;275;5;1;0;0;0;-6
140908;tpdm;171;3;59;59;Tp_Dm;myPink.cdg;24.34002412;177;73.02007236;276;1;0;0;1;8;-10
140908;tpdm;184;2;59;59;Tp_Dm;5143nn;29.55574357;118;59.11148714;277;1;0;0;0;4;-5
140908;tpdm;179;2;59;59;Tp_Dm;mango.plv;30.42503015;118;60.8500603;278;2;1;0;0;1;-4
140908;tpdm;178;15;20;20;Tp_Dm;beppe.maio;5.795243838;300;86.92865757;279;14;0;0;0;1;-15
140908;tpdm;177;2;75;75;Tp_Dm;vesta.bln.beppe;33.32265207;150;66.64530413;280;3;0;0;0;3;-6
140908;tpdm;175;2;100;100;Tp_Dm;282orfeo.gc.blug;52.15719454;200;104.3143891;281;5;0;0;0;0;-5
140908;tpdm;168;20;130;130;Tp_Dm;rLauren.Blugi;52.15719454;2600;1043.143891;282;6;0;0;0;14;-20
140908;tpdm;172;8;110;110;Tp_Dm;HoyLadies.blug;38.24860933;880;305.9888746;283;7;0;0;0;1;-8
140908;tpdm;169;4;59;59;Tp_Dm;1452jument.cdg;22.60145097;236;90.40580387;284;9;6;0;0;3;-18
140908;tpdm;164;4;45;45;Tp_Dm;egn.cdg;11.30072548;180;45.20290193;285;4;2;0;0;6;-12
140908;tpdm;170;4;59;59;Tp_Dm;3800jument.cdg;29.55574357;236;118.2229743;286;2;0;0;0;7;-9
140908;tpdm;166;1;45;45;Tp_Dm;favori.cdg.bej;13.21315595;45;13.21315595;287;3;2;0;0;0;-5
140908;tpdm;167;1;45;45;Tp_Dm;favori.cdg.negru;12.86544132;45;12.86544132;288;1;0;0;1;3;-5
140908;tpdm;176;4;50;50;Tp_Dm;avocat.cms;26.07859727;200;104.3143891;289;3;0;0;1;1;-5
140908;tpdm;190;5;95;95;Tp_Dm;9738ses;41.72575563;475;208.6287782;290;5;0;0;0;5;-10
140908;tpdm;191;5;95;95;Tp_Dm;9774ses;43.46432878;475;217.3216439;291;8;2;0;0;10;-20
140908;tpdm;188;9;95;95;Tp_Dm;10320ses;41.72575563;855;375.5318007;292;8;7;0;0;1;-16
140908;tpdm;189;5;95;95;Tp_Dm;10336ses;46.94147509;475;234.7073754;293;8;2;0;0;5;-15
140907;dpfm;193;3;0;59;Dp_Fm;4304nn;28.5;177;85.5;294;2;1;0;0;0;-3
140911;tv;168;1;130;130;tv;rLauren.Blugi;52.15719454;130;52.15719454;295;6;0;0;0;14;-20
140911;tv;189;1;95;95;tv;10336ses;46.94147509;95;46.94147509;296;8;2;0;0;5;-15
140911;tv;169;1;59;59;tv;1452jument.cdg;22.60145097;59;22.60145097;297;9;6;0;0;3;-18
140911;tv;171;1;59;59;tv;myPink.cdg;24.34002412;59;24.34002412;298;1;0;0;1;8;-10
140911;tv;180;2;55;55;tv;mAzzer.cml;27.81717042;110;55.63434084;299;17;0;0;0;8;-25
140911;tv;165;2;45;45;tv;zasa.cdg;13.03929863;90;26.07859727;300;6;3;0;0;11;-20
140911;tpdm;165;2;45;45;Tp_Dm;zasa.cdg;13.03929863;90;26.07859727;301;6;3;0;0;11;-20
140912;tpfm;134;8;35;35;Tp_Fm;dae.trendy18.cdg;12;280;96;302;5;0;0;0;23;-28
140912;tpdm;180;10;55;55;Tp_Dm;mAzzer.cml;27.81717042;550;278.1717042;303;17;0;0;0;8;-25
140912;tpdm;189;1;95;95;Tp_Dm;10336ses;46.94147509;95;46.94147509;304;8;2;0;0;5;-15
140912;tpdm;137;3;110;110;Tp_Dm;yira.gc;65;330;195;305;12;16;0;1;15;-44
140912;apdm;176;1;50;50;Ap_Dm;avocat.cms;26.07859727;50;26.07859727;306;3;0;0;1;1;-5
140912;apdm;167;1;45;45;Ap_Dm;favori.cdg.negru;12.86544132;45;12.86544132;307;1;0;0;1;3;-5
140912;aptm;137;1;110;110;Ap_Tm;yira.gc;65;110;65;308;12;16;0;1;15;-44
140912;tv;170;1;59;59;tv;3800jument.cdg;29.55574357;59;29.55574357;309;2;0;0;0;7;-9
140912;tv;137;3;110;110;tv;yira.gc;65;330;195;310;12;16;0;1;15;-44
140912;tv;179;1;59;59;tv;mango.plv;30.42503015;59;30.42503015;311;2;1;0;0;1;-4
140912;tv;174;1;20;20;tv;curele.blug;8.130386208;20;8.130386208;312;27;0;0;1;6;-34
140912;tv;171;1;59;59;tv;myPink.cdg;24.34002412;59;24.34002412;313;1;0;0;1;8;-10
140912;tv;168;2;130;130;tv;rLauren.Blugi;52.15719454;260;104.3143891;314;6;0;0;0;14;-20
140912;tv;184;2;59;59;tv;5143nn;29.55574357;118;59.11148714;315;1;0;0;0;4;-5
140912;tv;180;1;55;55;tv;mAzzer.cml;27.81717042;55;27.81717042;316;17;0;0;0;8;-25
140908;tpdm;174;34;20;20;Tp_Dm;curele.blug;8.130386208;680;276.4331311;317;27;0;0;1;6;-34
140913;tpdm;137;6;110;110;Tp_Dm;yira.gc;65;660;390;318;12;16;0;1;15;-44
140913;tpdm;171;2;59;59;Tp_Dm;myPink.cdg;24.34002412;118;48.68004824;319;1;0;0;1;8;-10
140913;tpdm;189;3;95;95;Tp_Dm;10336ses;46.94147509;285;140.8244253;320;8;2;0;0;5;-15
140913;tpdm;191;3;95;95;Tp_Dm;9774ses;43.46432878;285;130.3929863;321;8;2;0;0;10;-20
140913;tpdm;177;2;75;75;Tp_Dm;vesta.bln.beppe;33.32265207;150;66.64530413;322;3;0;0;0;3;-6
140913;tpdm;170;2;59;59;Tp_Dm;3800jument.cdg;29.55574357;118;59.11148714;323;2;0;0;0;7;-9
140913;tpfm;62;2;20;20;Tp_Fm;20curea;10;40;20;324;4;0;0;0;6;-10
140908;dptm;49;1;20;20;Dp_Tm;stele.maio;6.817587946;20;6.817587946;325;3;5;0;0;0;-8
140908;dptm;87;6;25;25;Dp_Tm;lifeSteps.trc;9.798261612;150;58.78956967;326;1;10;0;0;0;-11
140908;dptm;46;1;85;85;Dp_Tm;salopet.nsn;54.54070357;85;54.54070357;327;0;1;0;0;0;-1
140908;dptm;41;2;25;25;Dp_Tm;mhave.trc;10.22638192;50;20.45276384;328;0;3;0;0;0;-3
140908;dptm;82;2;20;20;Dp_Tm;ucolect.maio;6.532174408;40;13.06434882;329;0;7;0;0;0;-7
140908;dptm;118;2;15;15;Dp_Tm;sfuste.it.vch;0;30;0;330;0;2;0;0;0;-2
140908;dptm;10;3;15;15;Dp_Tm;35pant;0;45;0;331;-1;3;0;0;1;-3
140908;dptm;107;5;45;45;Dp_Tm;1071ayn.cms;24.49565403;225;122.4782701;332;0;7;0;0;0;-7
140908;dptm;84;1;45;45;Dp_Tm;2305cms.ptk;27.76174123;45;27.76174123;333;2;15;0;0;2;-19
140908;dptm;5;6;15;15;Dp_Tm;25reduse;0;90;0;334;7;7;0;0;3;-17
140908;dptm;117;1;15;15;Dp_Tm;safir.club;0;15;0;335;0;1;0;0;0;-1
140908;dptm;42;1;35;35;Dp_Tm;missLondon.cms;20.52646452;35;20.52646452;336;1;2;0;0;0;-3
140908;dptm;18;1;65;65;Dp_Tm;65rch.vch;0;65;0;337;0;1;0;0;0;-1
140908;dptm;31;3;45;45;Dp_Tm;fusta.ptk;32.38354274;135;97.15062823;338;0;7;0;0;1;-8
140908;dptm;111;1;15;15;Dp_Tm;kiki.ptf;13;15;13;339;0;1;0;0;0;-1
140908;dptm;119;1;15;15;Dp_Tm;lolita.blz;0;15;0;340;0;1;0;0;0;-1
140908;dptm;97;1;29;29;Dp_Tm;bsk.patrf;14.69739242;29;14.69739242;341;0;5;0;0;0;-5
140908;dptm;103;1;50;50;Dp_Tm;3425ie.nsn;27.76174123;50;27.76174123;342;1;1;0;0;0;-2
140908;dptm;14;1;45;45;Dp_Tm;45rch.vch;0;45;0;343;0;3;0;0;0;-3
140908;dptm;28;2;25;25;Dp_Tm;cult.trico;13.63517589;50;27.27035178;344;0;10;0;0;1;-11
140909;tpdm;173;10;25;25;Tp_Dm;esarfe.ist;13.66021762;250;136.6021762;345;10;4;0;0;0;-14
140913;tpfm;134;4;35;35;Tp_Fm;dae.trendy18.cdg;12;140;48;346;5;0;0;0;23;-28
140913;tv;137;1;110;110;tv;yira.gc;65;110;65;347;12;16;0;1;15;-44
140913;tv;134;3;35;35;tv;dae.trendy18.cdg;12;105;36;348;5;0;0;0;23;-28
140913;tv;191;1;95;95;tv;9774ses;43.46432878;95;43.46432878;349;8;2;0;0;10;-20
140913;tv;149;1;10;10;tv;cache.bml;0;10;0;350;1;0;0;0;9;-10
140913;tv;168;1;130;130;tv;rLauren.Blugi;52.15719454;130;52.15719454;351;6;0;0;0;14;-20
140913;tv;165;1;45;45;tv;zasa.cdg;13.03929863;45;13.03929863;352;6;3;0;0;11;-20
140913;tv;177;1;75;75;tv;vesta.bln.beppe;33.32265207;75;33.32265207;353;3;0;0;0;3;-6
140913;tv;167;1;45;45;tv;favori.cdg.negru;12.86544132;45;12.86544132;354;1;0;0;1;3;-5
140913;tv;135;1;55;55;tv;seyhan.cdg;30;55;30;355;1;0;0;0;6;-7
140913;tv;170;1;59;59;tv;3800jument.cdg;29.55574357;59;29.55574357;356;2;0;0;0;7;-9
140913;tv;137;1;110;110;tv;yira.gc;65;110;65;357;12;16;0;1;15;-44
140913;tv;178;1;20;20;tv;beppe.maio;5.795243838;20;5.795243838;358;14;0;0;0;1;-15
140914;tpdm;177;2;75;75;Tp_Dm;vesta.bln.beppe;33.32265207;150;66.64530413;359;3;0;0;0;3;-6
140914;tpdm;184;2;59;59;Tp_Dm;5143nn;29.55574357;118;59.11148714;360;1;0;0;0;4;-5
140914;tv;134;6;35;35;tv;dae.trendy18.cdg;12;210;72;361;5;0;0;0;23;-28
140914;tv;168;2;130;130;tv;rLauren.Blugi;52.15719454;260;104.3143891;362;6;0;0;0;14;-20
140914;tv;170;1;59;59;tv;3800jument.cdg;29.55574357;59;29.55574357;363;2;0;0;0;7;-9
140914;tv;181;1;59;59;tv;4359nn;31.29431672;59;31.29431672;364;4;1;0;0;1;-6
140914;tv;140;1;39;39;tv;pepper.cdg;17.6;39;17.6;365;1;0;0;0;2;-3
140914;tv;170;1;59;59;tv;3800jument.cdg;29.55574357;59;29.55574357;366;2;0;0;0;7;-9
140914;tv;167;1;45;45;tv;favori.cdg.negru;12.86544132;45;12.86544132;367;1;0;0;1;3;-5
140914;tv;128;1;40;40;tv;1218xxBlgBolero;45;40;45;368;0;0;0;0;1;-1
140914;tv;177;1;75;75;tv;vesta.bln.beppe;33.32265207;75;33.32265207;369;3;0;0;0;3;-6
140914;tv;174;2;20;20;tv;curele.blug;8.130386208;40;16.26077242;370;27;0;0;1;6;-34
140914;tv;137;1;110;110;tv;yira.gc;65;110;65;371;12;16;0;1;15;-44
140914;tv;65;1;15;15;tv;15curea;7;15;7;372;1;0;0;0;7;-8
140914;tv;164;1;45;45;tv;egn.cdg;11.30072548;45;11.30072548;373;4;2;0;0;6;-12
140914;tv;165;1;45;45;tv;zasa.cdg;13.03929863;45;13.03929863;374;6;3;0;0;11;-20
140915;dptm;42;1;35;35;Dp_Tm;missLondon.cms;20.52646452;35;20.52646452;375;1;2;0;0;0;-3
140915;dptm;84;3;45;45;Dp_Tm;2305cms.ptk;27.76174123;135;83.2852237;376;2;15;0;0;2;-19
140915;dptm;83;1;59;59;Dp_Tm;2295cms.ptk;29.39478484;59;29.39478484;377;1;1;0;0;0;-2
140915;dptm;31;4;45;45;Dp_Tm;fusta.ptk;32.38354274;180;129.534171;378;0;7;0;0;1;-8
140915;dptm;49;1;20;20;Dp_Tm;stele.maio;6.817587946;20;6.817587946;379;3;5;0;0;0;-8
140915;dptm;5;1;15;15;Dp_Tm;25reduse;0;15;0;380;7;7;0;0;3;-17
140915;dptm;109;1;55;55;Dp_Tm;8816qiao.ps.blg;28;55;28;381;1;1;0;0;0;-2
140915;dptm;72;1;45;45;Dp_Tm;nzhn.ps.blug;20;45;20;382;1;1;0;0;0;-2
140915;dptm;27;1;29;29;Dp_Tm;cms.sis;0;29;0;383;0;2;0;0;0;-2
140915;dptm;124;1;25;25;Dp_Tm;gdm.trc;10;25;10;384;0;1;0;0;0;-1
140915;dptm;98;3;29;29;Dp_Tm;ochelar.bsk;14.69739242;87;44.09217725;385;1;3;0;0;0;-4
140915;dptm;96;3;29;29;Dp_Tm;lovePink.maio;13.06434882;87;39.19304645;386;0;3;0;0;0;-3
140915;dptm;87;4;25;25;Dp_Tm;lifeSteps.trc;9.798261612;100;39.19304645;387;1;10;0;0;0;-11
140915;dptm;6;2;65;65;Dp_Tm;276rch.bsm;37.4967337;130;74.99346741;388;0;2;0;0;0;-2
140915;dptm;4;3;20;20;Dp_Tm;24cocos;6.817587946;60;20.45276384;389;2;3;0;0;0;-5
140915;dptm;79;1;65;65;Dp_Tm;4465fmor.rch;37.80320072;65;37.80320072;390;0;1;0;0;0;-1
140915;dptm;14;2;45;45;Dp_Tm;45rch.vch;0;90;0;391;0;3;0;0;0;-3
140915;dptm;7;6;39;39;Dp_Tm;278rch.bsm;25.5659548;234;153.3957288;392;-1;7;0;0;0;-6
140915;dptm;3;2;17;17;Dp_Tm;19maio;5.382306273;34;10.76461255;393;3;4;0;0;0;-7
140915;dptm;41;1;25;25;Dp_Tm;mhave.trc;10.22638192;25;10.22638192;394;0;3;0;0;0;-3
140915;dptm;97;1;29;29;Dp_Tm;bsk.patrf;14.69739242;29;14.69739242;395;0;5;0;0;0;-5
140915;dptm;50;2;29;29;Dp_Tm;stradiv.maio;13.58219846;58;27.16439693;396;0;5;0;0;0;-5
140915;dptm;29;2;30;30;Dp_Tm;epolet.blz;15.33957288;60;30.67914576;397;0;2;0;0;1;-3
140915;dptm;40;1;55;55;Dp_Tm;maya.rch;42.60992466;55;42.60992466;398;0;1;0;0;0;-1
140915;dptm;107;2;45;45;Dp_Tm;1071ayn.cms;24.49565403;90;48.99130806;399;0;7;0;0;0;-7
140915;dptm;27;1;29;29;Dp_Tm;cms.sis;0;29;0;400;0;2;0;0;0;-2
140915;dptm;121;1;25;25;Dp_Tm;outfiters;0;25;0;401;0;1;0;0;0;-1
140915;dptm;82;1;20;20;Dp_Tm;ucolect.maio;6.532174408;20;6.532174408;402;0;7;0;0;0;-7
140915;dptm;114;1;15;15;Dp_Tm;xtrap2.haktanir;21;15;21;403;0;1;0;0;0;-1
140915;dptm;85;1;55;55;Dp_Tm;2314cms.ptk;31.02782844;55;31.02782844;404;0;1;0;0;1;-2
140915;apdm;171;1;59;59;Ap_Dm;myPink.cdg;24.34002412;59;24.34002412;405;1;0;0;1;8;-10
140915;tv;139;3;19;19;tv;smora.blz;7.9;57;23.7;406;3;0;0;0;11;-14
140915;tv;164;1;45;45;tv;egn.cdg;11.30072548;45;11.30072548;407;4;2;0;0;6;-12
140915;tv;189;1;95;95;tv;10336ses;46.94147509;95;46.94147509;408;8;2;0;0;5;-15
140915;tv;190;1;95;95;tv;9738ses;41.72575563;95;41.72575563;409;5;0;0;0;5;-10
140915;tv;191;1;95;95;tv;9774ses;43.46432878;95;43.46432878;410;8;2;0;0;10;-20
140915;tv;164;1;45;45;tv;egn.cdg;11.30072548;45;11.30072548;411;4;2;0;0;6;-12
140915;tv;165;1;45;45;tv;zasa.cdg;13.03929863;45;13.03929863;412;6;3;0;0;11;-20
140915;tv;170;1;59;59;tv;3800jument.cdg;29.55574357;59;29.55574357;413;2;0;0;0;7;-9
140915;tv;138;1;100;100;tv;itenly.gc;65;100;65;414;3;0;0;0;7;-10
140915;tv;134;3;35;35;tv;dae.trendy18.cdg;12;105;36;415;5;0;0;0;23;-28
140916;tpdm;167;1;45;45;Tp_Dm;favori.cdg.negru;12.86544132;45;12.86544132;416;1;0;0;1;3;-5
140916;tpdm;90;1;25;25;Tp_Dm;576bolero.bsm;8.16521801;25;8.16521801;417;0;0;0;0;1;-1
140916;tpdm;191;1;95;95;Tp_Dm;9774ses;43.46432878;95;43.46432878;418;8;2;0;0;10;-20
140916;tpdm;164;3;45;45;Tp_Dm;egn.cdg;11.30072548;135;33.90217645;419;4;2;0;0;6;-12
140916;tpdm;137;3;110;110;Tp_Dm;yira.gc;65;330;195;420;12;16;0;1;15;-44
140916;tpdm;165;4;45;45;Tp_Dm;zasa.cdg;13.03929863;180;52.15719454;421;6;3;0;0;11;-20
140916;tpfm;130;1;75;75;Tp_Fm;315gcBlug;45;75;45;422;1;0;0;0;2;-3
140916;tv;168;3;130;130;tv;rLauren.Blugi;52.15719454;390;156.4715836;423;6;0;0;0;14;-20
140916;tv;174;2;20;20;tv;curele.blug;8.130386208;40;16.26077242;424;27;0;0;1;6;-34
140916;tv;184;1;59;59;tv;5143nn;29.55574357;59;29.55574357;425;1;0;0;0;4;-5
140916;tv;177;1;75;75;tv;vesta.bln.beppe;33.32265207;75;33.32265207;426;3;0;0;0;3;-6
140916;tv;134;1;35;35;tv;dae.trendy18.cdg;12;35;12;427;5;0;0;0;23;-28
140916;tv;192;1;95;95;tv;1814swest.gc.fas;57;95;57;428;3;0;0;0;2;-5
140916;tpfm;134;12;35;35;Tp_Fm;dae.trendy18.cdg;12;420;144;429;5;0;0;0;23;-28
140916;tpfm;194;3;159;159;Tp_Fm;zara.piele.gc;100;477;300;430;2;0;0;0;1;-3
140916;tpfm;195;3;159;159;Tp_Fm;china100.piele.gc;100;477;300;431;1;0;0;0;2;-3
140916;tpfm;196;8;999;999;Tp_Fm;gablonz.mtz;0;7992;0;432;8;0;0;0;0;-8
140916;aptm;174;1;20;20;Ap_Tm;curele.blug;8.130386208;20;8.130386208;433;27;0;0;1;6;-34
140917;tv;184;1;59;59;tv;5143nn;29.55574357;59;29.55574357;434;1;0;0;0;4;-5
140917;tv;65;2;15;15;tv;15curea;7;30;14;435;1;0;0;0;7;-8
140917;tv;140;1;39;39;tv;pepper.cdg;17.6;39;17.6;436;1;0;0;0;2;-3
140917;tv;167;1;45;45;tv;favori.cdg.negru;12.86544132;45;12.86544132;437;1;0;0;1;3;-5
140917;tv;194;1;159;159;tv;zara.piele.gc;100;159;100;438;2;0;0;0;1;-3
140917;tv;191;1;95;95;tv;9774ses;43.46432878;95;43.46432878;439;8;2;0;0;10;-20
140917;tv;168;2;130;130;tv;rLauren.Blugi;52.15719454;260;104.3143891;440;6;0;0;0;14;-20
140917;tv;164;1;45;45;tv;egn.cdg;11.30072548;45;11.30072548;441;4;2;0;0;6;-12
140917;tv;28;1;25;25;tv;cult.trico;13.63517589;25;13.63517589;442;0;10;0;0;1;-11
140917;tv;195;1;159;159;tv;china100.piele.gc;100;159;100;443;1;0;0;0;2;-3
140917;tv;174;1;20;20;tv;curele.blug;8.130386208;20;8.130386208;444;27;0;0;1;6;-34
140917;tv;153;1;25;25;tv;zra.blz;0;25;0;445;2;0;0;0;4;-6
140918;tv;191;1;95;95;tv;9774ses;43.46432878;95;43.46432878;446;8;2;0;0;10;-20
140918;tv;160;1;59;59;tv;1352szn.sco;0;59;0;447;0;0;0;0;1;-1
140918;tv;169;1;59;59;tv;1452jument.cdg;22.60145097;59;22.60145097;448;9;6;0;0;3;-18
140918;tv;90;1;25;25;tv;576bolero.bsm;8.16521801;25;8.16521801;449;0;0;0;0;1;-1
140918;tv;171;1;59;59;tv;myPink.cdg;24.34002412;59;24.34002412;450;1;0;0;1;8;-10
140918;tv;153;1;25;25;tv;zra.blz;0;25;0;451;2;0;0;0;4;-6
140918;tv;191;1;95;95;tv;9774ses;43.46432878;95;43.46432878;452;8;2;0;0;10;-20
140918;tv;176;1;50;50;tv;avocat.cms;26.07859727;50;26.07859727;453;3;0;0;1;1;-5
140918;tv;171;2;59;59;tv;myPink.cdg;24.34002412;118;48.68004824;454;1;0;0;1;8;-10
140918;tv;152;1;25;25;tv;piele.zra;0;25;0;455;0;0;0;0;2;-2
140918;tv;130;1;75;75;tv;315gcBlug;45;75;45;456;1;0;0;0;2;-3
140920;tpfm;197;2;39;39;Tp_Fm;zinka.plv;0;78;0;457;2;0;0;0;0;-2
140920;tpfm;198;2;19;19;Tp_Fm;waidi.jrs;0;38;0;458;2;0;0;0;0;-2
140920;tpfm;199;1;15;15;Tp_Fm;swan.bolero;0;15;0;459;1;0;0;0;0;-1
140920;tpfm;200;1;25;25;Tp_Fm;blz.it.vch;0;25;0;460;1;0;0;0;0;-1
140920;tpfm;201;1;55;55;Tp_Fm;5130sis;0;55;0;461;1;0;0;0;0;-1
140920;tpfm;202;1;39;39;Tp_Fm;q10.plv;0;39;0;462;1;0;0;0;0;-1
140920;tpfm;203;1;25;25;Tp_Fm;4167ole.pitta;0;25;0;463;1;0;0;0;0;-1
140920;tpfm;148;1;35;35;Tp_Fm;1056gozon;0;35;0;464;2;0;0;0;0;-2
140920;tpfm;204;1;35;35;Tp_Fm;botique.plv;0;35;0;465;1;0;0;0;0;-1
140920;tpfm;205;1;25;25;Tp_Fm;10397szn.blz;0;25;0;466;1;0;0;0;0;-1
140920;tpfm;206;1;55;55;Tp_Fm;9469nn;0;55;0;467;1;0;0;0;0;-1
140920;tpfm;207;1;85;85;Tp_Fm;40129avr;0;85;0;468;1;0;0;0;0;-1
140920;tpfm;208;1;95;95;Tp_Fm;assos.jkt;0;95;0;469;0;0;0;0;1;-1
140920;tpdm;191;5;95;95;Tp_Dm;9774ses;43.46432878;475;217.3216439;470;8;2;0;0;10;-20
140920;tpdm;189;2;95;95;Tp_Dm;10336ses;46.94147509;190;93.88295017;471;8;2;0;0;5;-15
140920;tpdm;179;1;59;59;Tp_Dm;mango.plv;30.42503015;59;30.42503015;472;2;1;0;0;1;-4
140920;tpdm;171;2;59;59;Tp_Dm;myPink.cdg;24.34002412;118;48.68004824;473;1;0;0;1;8;-10
140920;tpdm;165;1;45;45;Tp_Dm;zasa.cdg;13.03929863;45;13.03929863;474;6;3;0;0;11;-20
140919;tv;165;1;45;45;tv;zasa.cdg;13.03929863;45;13.03929863;475;6;3;0;0;11;-20
140919;tv;191;1;95;95;tv;9774ses;43.46432878;95;43.46432878;476;8;2;0;0;10;-20
140919;tv;170;1;59;59;tv;3800jument.cdg;29.55574357;59;29.55574357;477;2;0;0;0;7;-9
140919;tv;65;1;15;15;tv;15curea;7;15;7;478;1;0;0;0;7;-8
140919;tv;172;1;110;110;tv;HoyLadies.blug;38.24860933;110;38.24860933;479;7;0;0;0;1;-8
140919;tv;165;1;45;45;tv;zasa.cdg;13.03929863;45;13.03929863;480;6;3;0;0;11;-20
140919;tv;37;1;30;30;tv;lipssy.trico;17.04396987;30;17.04396987;481;0;0;0;0;1;-1
140919;tv;139;1;19;19;tv;smora.blz;7.9;19;7.9;482;3;0;0;0;11;-14
140919;tv;165;1;45;45;tv;zasa.cdg;13.03929863;45;13.03929863;483;6;3;0;0;11;-20
140919;tv;189;1;95;95;tv;10336ses;46.94147509;95;46.94147509;484;8;2;0;0;5;-15
140919;tv;191;1;95;95;tv;9774ses;43.46432878;95;43.46432878;485;8;2;0;0;10;-20
140919;tv;155;1;50;50;tv;7003smd.sco;0;50;0;486;0;0;0;0;1;-1
140920;tv;134;1;35;35;tv;dae.trendy18.cdg;12;35;12;487;5;0;0;0;23;-28
140920;tv;180;1;55;55;tv;mAzzer.cml;27.81717042;55;27.81717042;488;17;0;0;0;8;-25
140920;tv;190;1;95;95;tv;9738ses;41.72575563;95;41.72575563;489;5;0;0;0;5;-10
140920;tv;134;4;35;35;tv;dae.trendy18.cdg;12;140;48;490;5;0;0;0;23;-28
140920;tv;165;2;45;45;tv;zasa.cdg;13.03929863;90;26.07859727;491;6;3;0;0;11;-20
140920;tv;195;1;159;159;tv;china100.piele.gc;100;159;100;492;1;0;0;0;2;-3
140920;tv;171;2;59;59;tv;myPink.cdg;24.34002412;118;48.68004824;493;1;0;0;1;8;-10
140920;tv;187;1;59;59;tv;5056nn;29.6;59;29.6;494;3;3;0;0;1;-7
140920;tv;182;1;65;65;tv;4331nn;34.77146303;65;34.77146303;495;2;0;0;0;1;-3
140920;tv;180;1;55;55;tv;mAzzer.cml;27.81717042;55;27.81717042;496;17;0;0;0;8;-25
140920;tv;65;1;15;15;tv;15curea;7;15;7;497;1;0;0;0;7;-8
140920;tv;137;1;110;110;tv;yira.gc;65;110;65;498;12;16;0;1;15;-44
140920;tv;62;1;20;20;tv;20curea;10;20;10;499;4;0;0;0;6;-10
140920;tv;110;1;20;20;tv;20maieu;11;20;11;500;6;0;0;0;3;-9
140921;tv;162;1;55;55;tv;plv.roz;30;55;30;501;1;0;0;0;1;-2
140921;tv;180;1;55;55;tv;mAzzer.cml;27.81717042;55;27.81717042;502;17;0;0;0;8;-25
140921;tv;152;1;25;25;tv;piele.zra;0;25;0;503;0;0;0;0;2;-2
140921;tv;208;1;95;95;tv;assos.jkt;0;95;0;504;0;0;0;0;1;-1
140921;tv;164;1;45;45;tv;egn.cdg;11.30072548;45;11.30072548;505;4;2;0;0;6;-12
140921;tv;191;2;95;95;tv;9774ses;43.46432878;190;86.92865757;506;8;2;0;0;10;-20
140921;tv;141;1;39;39;tv;1312busem;22.9;39;22.9;507;0;0;0;0;2;-2
140921;tv;134;1;35;35;tv;dae.trendy18.cdg;12;35;12;508;5;0;0;0;23;-28
140921;tv;149;1;10;10;tv;cache.bml;0;10;0;509;1;0;0;0;9;-10
140921;tv;190;3;95;95;tv;9738ses;41.72575563;285;125.1772669;510;5;0;0;0;5;-10
140921;tv;188;1;95;95;tv;10320ses;41.72575563;95;41.72575563;511;8;7;0;0;1;-16
140921;tv;168;2;130;130;tv;rLauren.Blugi;52.15719454;260;104.3143891;512;6;0;0;0;14;-20
140921;tv;137;1;110;110;tv;yira.gc;65;110;65;513;12;16;0;1;15;-44
140921;tv;189;1;95;95;tv;10336ses;46.94147509;95;46.94147509;514;8;2;0;0;5;-15
140921;tv;138;1;100;100;tv;itenly.gc;65;100;65;515;3;0;0;0;7;-10
140921;tpdm;165;2;45;45;Tp_Dm;zasa.cdg;13.03929863;90;26.07859727;516;6;3;0;0;11;-20
140921;tpfm;153;2;25;25;Tp_Fm;zra.blz;0;50;0;517;2;0;0;0;4;-6
140921;tpdm;190;2;95;95;Tp_Dm;9738ses;41.72575563;190;83.45151126;518;5;0;0;0;5;-10
140921;tpdm;186;1;59;59;Tp_Dm;5154nn;29.55574357;59;29.55574357;519;2;0;0;0;1;-3
140922;tpdm;189;2;95;95;Tp_Dm;10336ses;46.94147509;190;93.88295017;520;8;2;0;0;5;-15
140922;tpdm;169;3;59;59;Tp_Dm;1452jument.cdg;22.60145097;177;67.8043529;521;9;6;0;0;3;-18
140922;tpdm;182;1;65;65;Tp_Dm;4331nn;34.77146303;65;34.77146303;522;2;0;0;0;1;-3
140922;tpdm;190;3;95;95;Tp_Dm;9738ses;41.72575563;285;125.1772669;523;5;0;0;0;5;-10
140922;tpdm;191;4;95;95;Tp_Dm;9774ses;43.46432878;380;173.8573151;524;8;2;0;0;10;-20
140922;tpdm;180;5;55;55;Tp_Dm;mAzzer.cml;27.81717042;275;139.0858521;525;17;0;0;0;8;-25
140922;tpdm;137;1;110;110;Tp_Dm;yira.gc;65;110;65;526;12;16;0;1;15;-44
